﻿<?xml version="1.0" encoding="utf-8"?>
<wap-provisioningdoc>
  <!--SettingID=170-->
  <characteristic version="10.3" type="AppMgr">
    <parm name="Action" value="Upgrade" />
    <parm name="APK" value="/sdcard/Download/DeviceOrientationService-release.apk" />
  </characteristic>
  <!--SettingID=171-->
  <characteristic version="10.5" type="Intent">
    <parm name="Action" value="StartActivity" />
    <parm name="ActionName" value="android.intent.action.MAIN" />
    <parm name="Package" value="com.zebra.deviceorientationservice" />
    <parm name="Class" value="com.zebra.deviceorientationservice.SplashActivity" />
    <parm name="Category" value="android.intent.category.DEFAULT" />
    <characteristic type="Extra">
      <parm name="ExtraType" value="string" />
      <parm name="ExtraName" value="startonboot" />
      <parm name="ExtraValue" value="true" />
    </characteristic>
    <characteristic type="Extra1">
      <parm name="Extra1Type" value="string" />
      <parm name="Extra1Name" value="orientation" />
      <parm name="Extra1Value" value="landscape" />
    </characteristic>
    <characteristic type="Extra2">
      <parm name="Extra2Type" value="string" />
      <parm name="Extra2Name" value="autostart" />
      <parm name="Extra2Value" value="true" />
    </characteristic>
  </characteristic>
  <!--SettingID=172-->
  <characteristic version="10.3" type="AppMgr">
    <parm name="Action" value="BatteryOptimization" />
    <parm name="RemovePackageNames" value="com.zebra.deviceorientationservice" />
  </characteristic>
</wap-provisioningdoc>
<!--{"ConnectionType":0,"CustomWizardXmlB":[60,119,97,112,45,119,105,122,97,114,100,100,111,99,62,60,115,101,99,116,105,111,110,32,116,121,112,101,61,34,83,116,97,103,101,78,111,119,67,111,110,102,105,103,34,62,60,99,104,97,114,97,99,116,101,114,105,115,116,105,99,32,111,114,100,101,114,61,34,49,34,32,102,114,105,101,110,100,108,121,110,97,109,101,61,34,65,112,112,77,103,114,34,32,100,101,115,99,61,34,80,101,114,102,111,114,109,32,97,112,112,108,105,99,97,116,105,111,110,32,40,65,80,75,41,32,109,97,110,97,103,101,109,101,110,116,34,32,116,121,112,101,61,34,65,112,112,77,103,114,34,32,109,105,110,61,34,49,34,32,109,97,120,61,34,49,34,47,62,60,99,104,97,114,97,99,116,101,114,105,115,116,105,99,32,111,114,100,101,114,61,34,50,34,32,102,114,105,101,110,100,108,121,110,97,109,101,61,34,73,110,116,101,110,116,34,32,100,101,115,99,61,34,83,101,110,100,32,97,110,32,105,110,116,101,110,116,32,116,111,32,97,110,32,97,99,116,105,118,105,116,121,32,111,114,32,115,101,114,118,105,99,101,34,32,116,121,112,101,61,34,73,110,116,101,110,116,34,32,109,105,110,61,34,49,34,32,109,97,120,61,34,49,34,47,62,60,99,104,97,114,97,99,116,101,114,105,115,116,105,99,32,111,114,100,101,114,61,34,51,34,32,102,114,105,101,110,100,108,121,110,97,109,101,61,34,65,112,112,77,103,114,34,32,100,101,115,99,61,34,80,101,114,102,111,114,109,32,97,112,112,108,105,99,97,116,105,111,110,32,40,65,80,75,41,32,109,97,110,97,103,101,109,101,110,116,34,32,116,121,112,101,61,34,65,112,112,77,103,114,34,32,109,105,110,61,34,49,34,32,109,97,120,61,34,49,34,47,62,60,47,115,101,99,116,105,111,110,62,60,115,101,99,116,105,111,110,32,116,121,112,101,61,34,82,68,67,111,110,102,105,103,34,62,60,119,105,122,97,114,100,114,101,102,32,111,114,100,101,114,61,34,49,34,32,110,97,109,101,61,34,82,68,78,101,116,119,111,114,107,34,32,102,114,105,101,110,100,108,121,110,97,109,101,61,34,82,68,32,78,101,116,119,111,114,107,34,32,116,121,112,101,61,34,82,68,78,101,116,119,111,114,107,67,111,110,110,101,99,116,105,111,110,34,32,116,105,116,108,101,61,34,87,111,117,108,100,32,121,111,117,32,108,105,107,101,32,116,111,32,67,111,110,110,101,99,116,32,116,111,32,97,32,78,101,116,119,111,114,107,32,117,115,105,110,103,32,116,104,101,32,82,97,112,105,100,32,68,101,112,108,111,121,109,101,110,116,32,67,108,105,101,110,116,63,34,32,109,105,110,61,34,48,34,32,109,97,120,61,34,49,34,47,62,60,47,115,101,99,116,105,111,110,62,60,47,119,97,112,45,119,105,122,97,114,100,100,111,99,62],"HasCustomWizard":true,"HideDtlsFromAdmin":false,"MxVersion":"11.1","decisions":[],"profile_desc":"XpertConfig","profile_name":"DeviceOrienationService","settings":[{"EmbedFileName":"","EmbedFileParmName":"","FriendlyDescription":"Perform application (APK) management","ID":170,"MxVersion":"11.1","Name":"AppMgr_012425_133713_7934273","RemoteFilePath":null,"ShareableType":1,"TargetId":2,"TemplateName":"AppMgr","TemplateRevision":1,"TemplateVersion":"10.3"},{"EmbedFileName":"","EmbedFileParmName":"","FriendlyDescription":"Send an intent to an activity or service","ID":171,"MxVersion":"11.1","Name":"Intent_012425_133801_0644280","RemoteFilePath":null,"ShareableType":1,"TargetId":2,"TemplateName":"Intent","TemplateRevision":-1,"TemplateVersion":"10.5"},{"EmbedFileName":"","EmbedFileParmName":"","FriendlyDescription":"Perform application (APK) management","ID":172,"MxVersion":"11.1","Name":"AppMgr_012425_133938_8764324","RemoteFilePath":null,"ShareableType":1,"TargetId":2,"TemplateName":"AppMgr","TemplateRevision":1,"TemplateVersion":"10.3"}],"steps":[{"IsComplete":true,"contents":[{"decision_id":0,"order":0,"parent_decision_id":0,"setting_id":170,"step_id":0}],"index":"1","parent_decision_id":0,"section":"StageNowConfig"},{"IsComplete":true,"contents":[{"decision_id":0,"order":0,"parent_decision_id":0,"setting_id":171,"step_id":0}],"index":"2","parent_decision_id":0,"section":"StageNowConfig"},{"IsComplete":true,"contents":[{"decision_id":0,"order":0,"parent_decision_id":0,"setting_id":172,"step_id":0}],"index":"3","parent_decision_id":0,"section":"StageNowConfig"}],"wdd_name":"XpertConfig638733226334214898"}-->